id,x,y,dx,dy,pred_x,pred_y,actual_x,actual_y,ncc,error_px,opencv_x,opencv_y,err_vs_opencv_px,lambda_min
1,150.0,111.0,-0.20041062183394148,-1.0699354186720722,149.79958937816605,109.93006458132793,149.91277,109.96185,0.9910945296287537,0.11755569112814603,149.7993927001953,109.93002319335938,0.0002009855420497496,153151.39152698911
2,141.0,124.0,-0.19854551099781337,-1.0636902250102986,140.8014544890022,122.9363097749897,140.86273,122.97391,0.9826343059539795,0.07189236356269389,140.801513671875,122.93682098388672,0.0005146233077012288,86868.33001753785
3,148.0,100.0,-0.10705077978745223,-0.7377096780083905,147.89294922021256,99.26229032199161,147.89156,99.37677,0.9099010229110718,0.11448817758747472,147.8931121826172,99.26219940185547,0.00018660979738352725,148046.83942148666
4,142.0,134.0,-0.028195826803727515,-0.6421624857826344,141.97180417319626,133.35783751421738,141.96173,133.27464,0.9025595188140869,0.08380218458766589,141.97271728515625,133.359130859375,0.0015831977602984075,64542.34691685786
5,130.0,113.0,-0.44009414972706595,-0.15441475603831264,129.55990585027294,112.8455852439617,129.65335,112.84547,0.9091213345527649,0.09344505510680494,129.55926513671875,112.84574127197266,0.0006594380931737222,113361.215036769
6,236.0,77.0,0.020856122096502807,-0.4087400270412549,236.0208561220965,76.59125997295874,235.85205,76.66219,0.9804332852363586,0.18310319425919713,236.02099609375,76.59264373779297,0.0013908260783573438,66873.69108723005
7,63.0,257.0,0.21162574750959648,-0.11349612885809794,63.21162574750959,256.8865038711419,63.124794,256.94388,0.992121696472168,0.10407478984819593,63.21125030517578,256.8868103027344,0.0004846207454240608,139220.41009632015
8,74.0,255.0,0.1435365164776632,-0.09731431148434598,74.14353651647767,254.90268568851565,74.034935,254.95314,0.9936603307723999,0.11974954518913597,74.14330291748047,254.90325927734375,0.0006193324109211975,68569.18641150952
9,134.0,175.0,-0.1129542540352955,-0.009284520262266402,133.8870457459647,174.99071547973773,133.98987,175.03806,0.9136924147605896,0.11319681797698455,133.88636779785156,174.99073791503906,0.0006783192366945341,72138.15358233736
10,76.0,317.0,-0.0016581597697674238,-0.04123723420348782,75.99834184023024,316.9587627657965,75.9976,316.9436,0.9993480443954468,0.015177550495338223,75.99827575683594,316.9591979980469,0.00044022054332190045,81684.17159738057
11,158.0,329.0,-0.004451110381227744,-0.037788650078585895,157.99554888961876,328.9622113499214,158.00653,328.97458,0.9995715022087097,0.01653955128154158,157.99562072753906,328.9625549316406,0.00035101151630160583,84019.45969208567
12,82.0,301.0,-0.03470154658543766,-0.01057306301659618,81.96529845341456,300.9894269369834,81.98948,301.0073,0.9995068311691284,0.030065316169599947,81.96559143066406,300.98907470703125,0.00045815020236942026,129286.25730150995
